{"cameraMode":{"drawMode":0,"name":"Shaded","section":"Shading Mode"},"sceneLighting":false,"audioPlay":false,"sceneViewState":{"m_AlwaysRefresh":false,"showFog":true,"showSkybox":false,"showFlares":true,"showImageEffects":true,"showParticleSystems":true,"showVisualEffectGraphs":true,"m_FxEnabled":true},"in2DMode":false,"pivot":{"x":0.005000114440917969,"y":0.7329999804496765,"z":19.78350067138672},"rotation":{"x":0.011947453953325749,"y":0.8217684030532837,"z":-0.5694695115089417,"w":0.017247093841433526},"size":5.56905460357666,"orthographic":false}