{"cameraMode":{"drawMode":0,"name":"Shaded","section":"Shading Mode"},"sceneLighting":false,"audioPlay":false,"sceneViewState":{"m_AlwaysRefresh":false,"showFog":true,"showSkybox":false,"showFlares":true,"showImageEffects":true,"showParticleSystems":true,"showVisualEffectGraphs":true,"m_FxEnabled":true},"in2DMode":false,"pivot":{"x":0.0507587194442749,"y":0.23000001907348634,"z":8.029232025146485},"rotation":{"x":0.005243250634521246,"y":0.7130147218704224,"z":-0.7011369466781616,"w":0.005337805952876806},"size":4.1460466384887699,"orthographic":false}