{"cameraMode":{"drawMode":0,"name":"Shaded","section":"Shading Mode"},"sceneLighting":false,"audioPlay":false,"sceneViewState":{"m_AlwaysRefresh":false,"showFog":true,"showSkybox":false,"showFlares":true,"showImageEffects":true,"showParticleSystems":true,"showVisualEffectGraphs":true,"m_FxEnabled":true},"in2DMode":false,"pivot":{"x":-0.9040666818618774,"y":0.8199999332427979,"z":19.89350128173828},"rotation":{"x":-0.0008916798979043961,"y":0.810685396194458,"z":-0.5855127573013306,"w":-0.0012283428804948927},"size":4.350827217102051,"orthographic":false}