{"cameraMode":{"drawMode":0,"name":"Shaded","section":"Shading Mode"},"sceneLighting":false,"audioPlay":false,"sceneViewState":{"m_AlwaysRefresh":false,"showFog":true,"showSkybox":false,"showFlares":true,"showImageEffects":true,"showParticleSystems":true,"showVisualEffectGraphs":true,"m_FxEnabled":true},"in2DMode":false,"pivot":{"x":-0.744999885559082,"y":0.8199999332427979,"z":19.353660583496095},"rotation":{"x":-0.0008916798979043961,"y":0.810685396194458,"z":-0.5855127573013306,"w":-0.0012283428804948927},"size":10.316452980041504,"orthographic":false}